"comment_id";"created_at";"text";"user_id";"username"
"18129647815523129";"1780375707";"Baru setahun uda 50 kali lo keluar.. Jokowi selama 2 periode aja cuma 58..sby 80 an";"3961020774";"asswenmndaaa"
"18138542962536357";"1780376796";"Mulut cewe";"6100926527";"muslim_pratama88"
"17930434179277748";"1780377769";"Jadi gini, jadi gini.... keliatan bgt loh memanfaatkan jabatan nya";"1426014986";"bj_yoyo201"
"18084706217412971";"1780377855";"Klo dekat sama negara lain kan jadi bisa pinjam dulu seratus";"3643847976";"ahmd_lthf20"
"18103941023092000";"1780377936";"Org sok itu nm ny Tedy bear,knp hrs sebut masa kerja brp tuk pak dino ,loe tau g masa kerja loe lm jg itu Krn presiden nya siapa,lalu hasil kerja loe dgn masa kerja loe yg mnrt loe lm jg hasilnya mana??cuman sok sok an doank kerja loe..klo loe sklh ada donk atitude bahasa kenegaraan tuk sampaikan jwbn kpd siapa pun..skrng loe d atas nnti ada saat nya loe ada d posisi terbawah itu akan dtng karma dr semua sikap loe";"6850559445";"wi2d311"
"18104368175095577";"1780378432";"Oposisi";"5934844030";"gomezandhisjourney"
"18394674301089427";"1780378634";"Dampak nya 100T yg dibawa pulang apa buat rakyat??apa² naik tuh😂😂";"2003086777";"nonik_lylosakha"
"18097575998596694";"1780379100";"Bapak yg dibilangin 'walau hanya' ini dulu udah saya liput tiap minggu utk update2 isu diplomasi polugri. Di tahun yang sama, mas mas yg suka ke Paris ini msh jd anak SMA Tarnus";"463281624";"fitraya.ramadhanny"
"17919282537370107";"1780379942";"Mantan-mantan mentri doang yang pernah menjabat di tanggap, Rakyat yang udah teriak-teriak di abaikan emang kntl!";"9037951077";"abcdefackyo_u"
"17970876024105427";"1780380546";"Cukup satu periode wowo";"2260799423";"yogi_ari01"
"18035552423802869";"1780381179";"Jendral militer kok kurcaci😢";"71137610237";"bait_berdarah"
"18417510934182547";"1780381971";"“Walau hanya”.. penekanan bgt kayaknya..";"7598462116";"kerisdian.eq"
"18035111060799550";"1780382142";"@teddy_hq cebokin  yang bersih 😂😂😂😂";"72454056183";"netizen_iendonesia"
"17930521827298459";"1780382743";"Semangat bapak presiden Prabowo 💪🏻";"8157461215";"aj.sdrjt"
"18298280857304481";"1780384098";"Kurban aja ogah pake duit pribadi, apalagi perjalanan ke luar negeri, logika sederhana";"1165439474";"ahmadiqbalfauzy"
"18150665950433498";"1780384290";"";"37641335";"pg.seno"
"18326755240252277";"1780384483";"@rasyid_muhammad95 akhirny da yg kepancing 😍";"6183295082";"adhiwisnumahendra"
"17963103392938477";"1780384827";"✅ Rasulullah Shalallaahu Alaihi Wassalaam berdoa: اللَّهُمَّ إِنِّي أَعُوذُ بِكَ مِنْ إِمَارَةِ السُّفَهَاءِ “Ya Allah, aku berlindung kepada-Mu dari KEPEMIMPINAN ORANG ORANG YANG BODOH (sufahā’).” (HR. Ahmad, dishahihkan oleh Al-Albani).";"183237454";"dewopakde"
"18129187027717245";"1780385455";"Boti lagaknya bak pm";"6649922988";"rudicanon62"
"18107257675961296";"1780385466";"Turun aja lah... We don't need you.... THANK YOU PAK @dinopattidjalal udah mewakili kami";"4831948867";"mrs.gamal.el.g"
"17934156264255147";"1780387357";"Aaaaaaahhhhhhh Tesye";"54083056039";"dewieringa"
"17894206077495888";"1780387358";"🔥";"1698006349";"gusdobool"
"18021530777832695";"1780390493";"Jelas gak mau disalahkan.... pantang di kritik...";"2763818509";"frans_andika28"
"18024756935828383";"1780390696";"Walau hanya 3 bln,,, kata2 nya itu lho🤔";"38534336898";"oke.aka65"
"18026752280649189";"1780392024";"";"5576402513";"ardiantorizki214"
"18590798845026212";"1780393748";"Mas boleh ga , yg kayak gini gercep bgt di tanganin, noh aceh masih luluh lantak, mending gercep kesana aja, perbaikin infrastruktur , biar masyarakatnya bisa hidup layak lagi,";"1812419232";"nursarita"
"18114378509505409";"1780394301";"@rifwan1236 drpd si tukang cebok si wowo ,jilat lah punya wowo😂";"1953335286";"fachri_fuad"
"17895825507331405";"1780399511";"Walau hanya di beri ...........";"1021180859";"pak_apra"
"18114078127848655";"1780400247";"Sensi amat sambil klarifikasi kyk cwe..";"2058984160";"daeng.jhaelani"
"18362351581238468";"1780400992";"Ciyee bela yayang ni ye";"5888738077";"fifaldi18"
"18084447158414487";"1780400999";"wkwkwk.. perjalanan dinas keluar negri pake dana pribadi ngakunya. TAPI KEMAREN QURBAN KENAPE PAKE APBN??? 😂🤣";"3030212487";"yu_suf_78a"
"18074516381309730";"1780403046";"";"1733988756";"____________________ling"
"18169062499422569";"1780404357";"Harusnya gak perlu dijawab... Diam, tampung, apresiasi, perbaiki.";"42556481301";"gesperkingkong"
"17913466896201787";"1780404461";"3 Bulan mah "prematur" 😢 😂";"407793567";"surahman_teguh"
"18081563432445941";"1780406183";"Byk pihak pada kepanasan 🔥🔥";"74881542102";"marihot050685"
"18104392216823852";"1780407938";"Bravo Seskab Tedi!!! Selalu sukses!!! 
Sangat adem penyampaiannya daripada Pak Dino Djalal. 
Diliat dr rekam jejak karir Pak Dino dan Seskab Tedi, jujur lebih unggul seskab Tedi dibandingkan pak Dino, terutama jika dibandingkan+diukur pencapaian karir dari usianya.
Krn di usia muda dia telah berhasil menjadi salah satu orang berpengaruh dan menjadi kepercayaan langsung oleh presiden.
Dan tidak dipungkiri pak Dino tidak mungkin bisa seperti Seskab Tedi krn pak Dino sudah tua, sedangkan Tedi lebih unggul di usia muda yang bisa dicapai lewat jalur dubur.";"492854012";"_idrhoo"
"17891377374488061";"1780413449";"Teddy Lu jubir presiden?";"3932740380";"kkodaedae"
"18067234004388471";"1780414760";"Juru bibir 😂";"1003951743";"mario.widjaja"
"18014784878857407";"1780416270";"😢 cpek sy dgn Negeri sendiri";"3764498905";"julietrahmawati"
"18000788627763664";"1780417284";"Mubeng2 tok.. praktek ee lek";"1519863618";"luxman_ibrahim88"
"18121179064679061";"1780424138";"MAYOR, LETKOL, MAHAPUTRA, TIDAK MUNDUR DARI MILITER. NAIK DENGAN MEMPERKOSA ATURAN. JANCOK!";"78129259287";"arif.garcia"
"17979942555011034";"1780424200";"Cara2 mulyono/gibran dipake 🤣.";"78129259287";"arif.garcia"
"18100226180122398";"1780447102";"teddy hrs sgr dicopot krn tidak capable";"3009923632";"iman.mja"
"18076339949671883";"1780447376";"memang bbobrok";"46470991429";"surya_lte"
"18108489497312459";"1780451363";"Baru sekarang politik luar negeri kita terasa taringnya lagi setelah zaman Soekarno. Langkah Presiden keliling dunia di tengah ramainya global supply chain sekarang sudah sangat pas. Buktinya kelihatan dari ketegasan urusan dalam negeri, mulai dari kebijakan SDA, Satgas PKH, sampai keterlibatan di BoP. Dulu diplomasi kita cuma modal omongan tanpa aksi, bahkan sempat 10 tahun cuma jadi bahan candaan dan gampang disetir asing. Sekarang kita tampil sebagai pemain global yang aktif dan mandiri.";"2930552591";"amrullah.z"
"18453716731114457";"1780455953";"Tiwi";"76494222065";"arsialaziale"
"18101659493008933";"1780456662";"Pakek uang pribadi ? Emang APBN udah habis uangnya ?";"1763311161";"raden.gufron.alfiansyah__"
"18093198137251610";"1780460427";"Infor masih ke RI 1 terfilter jadi RI satu gak masalah repubrik";"4092750753";"hengky0887"
"18115765744874933";"1780461084";"Keren Bpk Dino Rekam Jejak yg Jelas🔥🔥 Beda banget sama bunted Si Karbitan 🤡🤡 Alah... Qurban aj Pakai duit APBN 🤡🤡";"76435422092";"reynal_999"
"18116574400680743";"1780363819";"Pengeluaran nya brapa banyak ted??hasil nya apa??disuruh bahasa Perancis itu???mbok ya dilihat dlu di dalam negeri,rakyat nya bagaimana,jgn buru² keluar negeri dan gag ngurusin rakyat nya,makanya laporan dr bawahan di kasih laporan fiktif gag tau main percaya aja,karna emang gag di dalami keadaan negerinya karena sibuk world tour..yya Allah negaraku semakin lama semakin😢😢";"2003086777";"nonik_lylosakha"
"17952084732160782";"1780364312";"";"59079337190";"oasis334455"
"17883139452590253";"1780364682";"Pila kota malang nya kak 😮";"20414742409";"villasamawa"
"18155026057481847";"1780364711";"Gak Etis";"10591827412";"zone861922"
"18003956405926274";"1780364925";"Walau Hanya 🙂‍↕️, publik speakingnya 👎🏻 itu merendahkan sekali";"499455660";"fitri.aprianni"
"18152821378482857";"1780365185";"Yang penting ulang tahun untuk tahun depan lebih meriah dari ulang tahun kemarin Pak..";"72825780188";"jabro_zaiadi"
"18394030573090557";"1780365382";"STOP MBG";"75209309184";"rinata92037"
"17873467425502658";"1780366349";"Rombongan Berkurang tapi intensitas ke luar Negeri bertambah. LOLOT";"678118086";"mayo_betanimbar"
"17943772887209188";"1780366407";"Jawabanya kerasa emak2 yg lg emosi tantrum diselipin pernah jd wakil menteri luar negeri walau hanya diberi kesempatan sekitar 3 bulan🤦‍♀️";"1635212990";"rinda_vinn"
"17976888546037898";"1780366436";"tepat donk.. Kan ini masalah kredibilitas guyss.. Karena pak dino nya juga mengedepankan label penghargaan presiden.. Masa di label kok cuman 3 bulan kerja coba?? Ada apa hayo pak dino ama Indonesia.. Ini penting karena menyangkut kredibilitas dan loyalitas seorang Dino dengan Indonesia donk.. Cakep cakep.. Performance vs performance donk.. Coba 3 bulan doang berperan sebagai wamen lu lantas ringan cuap cuap kineeja presiden yang jelas jelas hasil nya amzing.. Nahhh.. Framing kah? Wahhh 😂😂😂 pak Dino pak Dino.. Zip. Zonk kah?  mantab pak Seskab🙏🙏🌷💖 btw kalopun dubes di US itu mah bukan Indonesia guyss bukan performance ke ibu Pertiwi.. Skip dahh.. Dan sebagai jubir presiden beda jauhhh ya dengan kapasitas sebagai menlu. Ya kali saat jadi jubir skill pak Dino masuk.. Saat jadi menlu kagak ngangkat alias di drop out wkwkk.. Hmm.. Ada pepatah "dimana mana injak orang untuk naik " itu kagak baek pak.. Kena batunya kannn.. Moga tobat. Aamin YRA..Bahas ahhh napa kerja cuman 3 bulan pak Dino? 🔥 wajib. @zulkifliramli_ @haechel.ng @andi_gumilarr tepat donk.. Kan ini masalah kredibilitas guyss.. Karena pak dino nya juga mengedepankan label penghargaan presiden.. Masa di label kok cuman 3 bulan kerja coba?? Ada apa hayo pak dino ama Indonesia.. Ini penting karena menyangkut kredibilitas dan loyalitas seorang Dino dengan Indonesia donk.. Cakep cakep.. Performance vs performance donk.. Coba 3 bulan doang berperan sebagai wamen lu lantas ringan cuap cuap kineeja presiden yang jelas jelas hasil nya amzing.. Nahhh.. Framing kah? Wahhh 😂😂😂 pak Dino pak Dino.. Zip. Zonk kah?  mantab pak Seskab🙏🙏🌷💖 btw kalopun dubes di US itu mah bukan Indonesia guyss bukan performance ke ibu Pertiwi.. Skip dahh.. Dan sebagai jubir presiden beda jauhhh ya dengan kapasitas sebagai menlu. Ya kali saat jadi jubir skill pak Dino masuk.. Saat jadi menlu kagak ngangkat alias di drop out wkwkk.. Hmm.. Ada pepatah "dimana mana injak orang untuk naik " itu kagak baek pak.. Kena batunya kannn.. Moga tobat. Aamin YRA..Bahas ahhh napa kerja cuman 3 bulan pak Dino? 🔥 wajib.";"9137087398";"meietti"
"17879024598458779";"1780366438";"@andre_nuaba “beliau adalah diplomat yang hebat”";"5817902001";"lela9932"
"18131833492517818";"1780366498";"BUAT APA PERGI KELUAR NEGERI KALAU CUMA MENIMBUN HUTANG DAN BUANG2 APBN SAJA...";"71280807233";"lrffurniture.r.a.lismafairuz"
"18204840694353489";"1780366526";"Anjay, wapresnya kemana dah";"710652715";"apriyes"
"18064821458429089";"1780366589";"Tidak apa-apa beliau mengingatkan, itu artinya rasa keperdulian nya beliau untuk negara republik INDONESIA yg kita cintai ini 🇮🇩💯🤍🤝";"57168707639";"mom_mentari_g.d_0409"
"18153880861470049";"1780366609";"Inti nya next time negara sudah bekerja saja teeus dan lebih tidak pedulikan framing framing yang menyebar di rakyat.. Semua ada waktu nya rakyat akan segera paham siapa yang benar berjuang atas rakyat mana yang hanya framing (fokus ke framing tanpa base on bukti data berkas dan hasil capaian) atau hanya buzzer..😂..berharao  negara skip saja abaikan dan energinya pejabat negara semua lini energi nya fokus ke mengangkat hajat hidup rakyat.agar benar benar tidak terpengaruh atas gonjang ganjing dolar ini... semoga negara benar benar memantau harga harga Yth presiden kami.🙏🙏🙏. Rupiah kami semoga tetap cukup untuk satu bulan hidup.. Industri kecil dilindungi negara atas fluktuasi bahan baku biaya operasional. Semua arus bawah di tenangkan atas harga agar slogan negara rupiah kagak ngaruh atas dolar benar di rasakan instan ke rakyat.. Bismillah.. Negara bisa menstabilkan keuangan rakyat meski dolar begini begitu.. Klasifikasi rakyat perlu kayak nya pak presiden.mana klasifikasi rakyat yang negara wajib lebih perhatikan hajat hidup nya... Dan didampingi agar gonjang ganjing dolar tidak lagi menghantui rakyat arus bawah🙏🙏mohon maaf bila lancang.. Terima kasih pak presiden salam etti mei .. Soal framing framing biar kami kami saja yang menumpas buzzer macam pak dino gini ha ha ha.. Pejabat bekerja keras lah stabilkan semua harga harga agar rupiah kami cukup untuk hidup sebulan pak presiden😍🙏🙏💖";"9137087398";"meietti"
"18222185296320711";"1780366622";"Presiden Plesiran terus, Dasarnya apa coba";"58179847894";"aulia.arkana123"
"17926158699344694";"1780366793";"Terlalu sombong klarifikasinya";"66398956872";"indahrianti2020"
"17913484782202738";"1780366867";"Kalau biaya pribadi kenapa tidak transparan ke rakyat nya dan menjelaskan pakai pribadi . Rakyat mau percaya ???";"1973114478";"erikdarmawan27"
"17854577568672317";"1780367294";"Sama tidak percaya ucapan dia kalo MBG TDK memotong anggaran pendidikan";"64682342827";"romdani593"
"18163888180447242";"1780367751";"Gak bakal didengar sama mas wowo,,,🥹";"25285408634";"goprax_oreen"
"17960994533992743";"1780368581";"Ada bahasa "bila suatu mendesak kita bisa minta bantuan"... Kmren waktu ada bencana di Sumatra banyak loh dri luar sana menawarkan bantuan tp kalian tolak dengan alasan masih mampu menangani nya..pdhl kenyataan nya smpe dengan skg blm bangkit 😢";"4515014786";"eggi_dhana_ristanti"
"17928193314324790";"1780368775";"Teddy ...Teddy....";"871721809";"dedy.wansyah"
"18075389036675167";"1780369283";"@kucingunyah 😂😂😂😂";"46134805751";"mievtahjannah"
"18101006552028637";"1780369688";"G msk akal pake uang pribadi. Emang pak prabowo duitny sbrp? Puluhan triliun? Palagi pk pesawat kepresidenan g mungkin pribadi. Tu uang BOP balikin pake uang pribadi 😂, enak aj ted ted. Anak kmrn sore nyebut "hanya"? Belagu lho ted";"6183295082";"adhiwisnumahendra"
"18129175249608596";"1780370187";"Brapa ya kekayaan pak Prabowo sampai bisa membiayai smua orang?";"1616383134";"ithabarnes"
"17989615760808205";"1780371598";"Terimakasih pak Dino telah bersuara dan memberikan saran terbaiknya. Kami lebih percaya padamu";"68570744350";"bang127821"
"18069152663354392";"1780371635";"@kucingunyah otak kucing sekali koment, ck ck ck,  wajar sih, Binatang soalnya..! 🙏";"51963946197";"rifwan1236"
"18123316882658916";"1780371637";"Kritik membangun dari pak Dino, dan penjelasan yang luar biasa dari Seskab👏👏";"5329862757";"rasyid_muhammad95"
"18058313324720389";"1780371698";"@nonik_lylosakha punya hp kan bisa searching hasilnya apa, kemarin terakhir ke prancis bawa pulang 100 T lebih kalau gk salah";"5329862757";"rasyid_muhammad95"
"18594532033054476";"1780371719";"@kucingunyah jangan gegabah kisanak";"1515546372";"arieffarieff"
"18082537982396774";"1780371735";"@rifwan1236 menyala buzzer ku , bismillah komisaris 🔥";"38080849955";"kucingunyah"
"18108583265483912";"1780371767";"@prabowo , @presidenrepublikindonesia , @teddy_hq , @tedsky89 , @tedskyfriendsofficial , @gerindra";"4133482734";"frandiansha"
"17925582015342120";"1780371781";"@adhiwisnumahendra uang BOP ??? Sejak kapan kita setor uang ke BOP😂😂 komentar udah kaya orang paling pinter aja padahal tolol gk tau apa², fomo cuman tau berita dari katanya😂😂😂";"5329862757";"rasyid_muhammad95"
"18123100783577802";"1780371839";"Masih bau kencur😠, cara bicara nya sm yg Sdh banyak makan asam garam kayak gitu caranya, hadeuh... 🤦🏻‍♀️🤦🏻‍♀️ terkesan merendahkan....";"4096626204";"desy_ummu_shofuro"
"17991931892986217";"1780372430";"publik speakingnya gk mencerminkan pejabat negara,😮";"16675489711";"isnobastian"
"18142901179518315";"1780372526";"Sok ngatur² negara kau ini,";"470331389";"taufik_bin_latief"
"18362750308229774";"1780372741";"Belajar dulu deh public speaking nya...ngomong kok nyinyir gitu ...dia LBH hebat dr u...keliatan ada prestasinya...😂";"1229084770";"qingsia888"
"17979004611041461";"1780372883";"Skolah itu penting.......biar bisa gmg yg baik dan sopan. Suka merendahkan org lain berarti skolah nya kurang bagus.";"38685194681";"yudionoatok"
"18153460165469847";"1780374047";"Biasa klo emak2 emang suka nyindir dan nyinyir";"528561440";"heidykartini"
"17876378586668375";"1780374367";"Memang itu namanya kritikan halus yang menikam";"75171522565";"dhim_aspurnomo"
"18013897169885642";"1780374407";"Yakin x pakai uang pribadi...";"226876927";"snipers19cuuk"
"17953215368983711";"1780374781";"Krn gerah kalo sama orang cerdas😂";"209195105";"dr.aldisa"
"17907811182243719";"1780374786";"Emang rakyat percaya ? Wong QURBAN AJA PAKAI APBN 😢😢😢";"41945050";"ch0c0_chiz"
"17976778893012722";"1780375136";"Kurban aja pakai APBN";"6471593471";"akbar_pahlev"
"17965554048110222";"1780375173";"Kalo di lihat Jabatan tedy lebih tinggi dari wakil presiden nya..😂";"539076206";"egy_wahyu333"
"18097764851166543";"1780375357";"Presiden terburul sepanjang sejarah indonesia,menyesal saya memilih nya";"74657020146";"hendrianto4340"
"17974762359049816";"1780375654";"Mesti kali kau bilang 3 BULAN nya di bold pulak ... nyiyir kali mulut mu";"51298869841";"yolandasamantha63"
"17854040436680227";"1780360922";"Kalimat yang tidak perlu dan terkesan merendahkan: Beliau pernah menjadi Wakil Menteri Luar Negeri walau hanya diberi kesempatan sekitar 3 bulan.";"3523652442";"msakilie"
"18089624069624332";"1780361042";""Pokoknya ada"";"187251668";"mryasha"
"18049500437547454";"1780361066";"Bagaimana dengan aceh, sudah aman kah pak presiden 😢";"10676124500";"ratnadewi_puspita12"
"18104094961821125";"1780361300";"T E D D Y  B A C O T";"8948324543";"dewantoanson"
"18051125660597058";"1780361305";"😂 biasanya itu buat menjatuhkan lawan";"1973520641";"chris.hamonangan"
"18056380886560162";"1780361454";"Namanya juga bini. dia lagi membela suami nya 🗿";"38080849955";"kucingunyah"
"18197956366363238";"1780361456";"BOTI : BOWO TEDI";"38762121402";"andre.sementara_"
"17862169899597058";"1780361604";"Sepakat, kalimat itu artinya menjatuhkan.";"1921811668";"dennyprajaariandhy"
"18083576120532802";"1780361606";""Walau hanya"";"1241929367";"andre_nuaba"
"18123482608647672";"1780361606";"orgnya SBY, skip. Kritik jg lah kunker LN di era nya.";"4114579276";"salah_hijrah"
"17885801952560536";"1780361647";"@chris.hamonangan Ini namanya ngak paham strategi komunikasi publik yg baik😂";"3523652442";"msakilie"
"17950668798153955";"1780361647";"Si bapak kenapa jadi berubah statemennyaaa??";"269786662";"stayllarosa"
"18092468654214084";"1780361689";"trus yg nuduh2 teddi gay itu apa ?";"4114579276";"salah_hijrah"
"18138131608543903";"1780361702";"Permasalahan seperti ini rakyat mn tau..dia pakai uang negara atau tidak..tp namanya kritikan ya mesti d sadari bahwa rakyat slalu memantau bila kepala negara sering lawatan kluar negri😢";"3602041527";"mawanherman"
"18066324260686299";"1780362007";"Publik speakingnya buruk lu Ted";"76689236215";"petanipeternakdesa"
"18187401355342184";"1780362167";"Iyadeh kita percaya kok, tapi ingat yang paling penting, jangan lupa minum obat ambeien nya Ted 😂😂😂😂😂 uhuii";"59437248450";"aditya.aditya89"
"17970211923107006";"1780362201";"Tedy... Tedy... BACOTTTTTT";"1543738426";"borgeitsme"
"18094989923251846";"1780362290";"Bagaimana dengan pengeluaran negara di Q1 yang sudah deficit?";"4094841458";"rose.winds"
"17907875799241858";"1780362353";"Knp tuduhan itu tdk dibantah dgn vidio jg spt ini?Pak Dino mekritik jabatan Presiden.";"6675203732";"scorgees"
"18357685927242744";"1780362414";"Itu strategi. Asalkan sesuai fakta its okay.";"2037551589";"p_subakrie"
"18141028573471964";"1780362551";"'Saya pikir beliau adalah diplomat hebat' kocak lah komunikasi ini bapak Seskab ini😂";"2257297514";"muhajirsyam"
"18092600384205193";"1780362800";"Pejabat pake uang Pribadi selain APBN dlm kegiatan?menyalahi UU Keuangan Negara dong..Penggunaan uang pribadi pejabat negara untuk membiayai kegiatan atau program negara pada prinsipnya tidak diperbolehkan dan berpotensi melanggar hukum..UU 17/2003";"6675203732";"scorgees"
"18121280635737088";"1780362931";"kenapa ada kata “walau hanya” kok begitu ya bikin naskahnya 😔😣";"2121458705";"tammie_handayani"
"17994034310990245";"1780363143";"Buna Teddy langsung tantrum, tapi dengan menekankan kalimat 'walau jadi wamen cuma 3 bulan' jelas si @teddy_hq ngece banget sama pak @dinopattidjalal . Kenapa harus ditekankan pada cuma 3 bulan. Lagi PMS nih kayaknya si Buna";"1926703593";"bangpoerslalu"
"18092305124615298";"1780363425";"Mantan wakil menteri cuma 3 bulan tapi ngomongnya udah kayak paling paham banget situasi luar dan dalam negeri nih si dinosaurus";"49845466300";"antiprediksi888"
"18090318071153267";"1780363488";"Alesann.. negara mau bungkus gara² anomali gemoy";"6172238680";"adittyareza94"
"18100980205862609";"1780363543";"Permisi, butuhnya responnya Pak PRES ya";"2050545030";"yessiahana"
"17973135875892123";"1780363562";"ORANG KASIH NASIHAT BAIK...... PERCUMA SUSAH BATU ⚫ DI BILANGIN NGEYEL 😂😂";"1904056789";"wildanrenaldi"
"17889717000519326";"1780363565";"Seskab atau jubir sih?";"2983599227";"estanas01"
"18116958706826979";"1780363649";"Udah gak bisa japri2an ya? Hadeuuuh… posesif banget ya bininya";"1600625038";"yasmin_sri_widjaja_s"